"Year","Sex","Contribution","age","Age_groups","Rank","e65_gap","Rela_ctb_1x1"
1990,"Female",-0.116569100933848,65,65,1,-0.45316350706031,25.723408685319
1990,"Female",-0.115013108870443,66,65,1,-0.45316350706031,25.3800465126897
1990,"Female",-0.110336447433227,67,65,1,-0.45316350706031,24.3480434135095
1990,"Female",-0.103007589173876,68,65,1,-0.45316350706031,22.7307776484674
1990,"Female",-0.094088268404489,69,65,1,-0.45316350706031,20.7625430862347
1990,"Female",-0.0847665240485522,70,70,1,-0.45316350706031,18.7055053480445
1990,"Female",-0.076189319326808,71,70,1,-0.45316350706031,16.8127658427421
1990,"Female",-0.0677731083247064,72,70,1,-0.45316350706031,14.9555529668206
1990,"Female",-0.0617780754531871,73,70,1,-0.45316350706031,13.6326236536441
1990,"Female",-0.0570870343095944,74,70,1,-0.45316350706031,12.5974473716827
1990,"Female",-0.0532021873387851,75,75,1,-0.45316350706031,11.740174685272
1990,"Female",-0.0489705775457026,76,75,1,-0.45316350706031,10.8063815339802
1990,"Female",-0.0441677990202276,77,75,1,-0.45316350706031,9.74654806313639
1990,"Female",-0.0405553981937921,78,75,1,-0.45316350706031,8.94939631323726
1990,"Female",-0.0373580813607415,79,75,1,-0.45316350706031,8.24384152269561
1990,"Female",-0.00698298027168676,80,80,1,-0.45316350706031,1.54094055741285
1990,"Female",0.00242170355649307,81,80,1,-0.45316350706031,-0.534399508954893
1990,"Female",0.0125759878444711,82,80,1,-0.45316350706031,-2.77515458516332
1990,"Female",0.0245338236333357,83,80,1,-0.45316350706031,-5.41390099844702
1990,"Female",0.0373278940548722,84,80,1,-0.45316350706031,-8.23718006267093
1990,"Female",0.049910401644059,85,85,1,-0.45316350706031,-11.0137733657835
1990,"Female",0.0605404361205064,86,85,1,-0.45316350706031,-13.3595126653588
1990,"Female",0.0682996068029329,87,85,1,-0.45316350706031,-15.0717358610792
1990,"Female",0.0713106232936411,88,85,1,-0.45316350706031,-15.7361795869742
1990,"Female",0.0691177269131202,89,85,1,-0.45316350706031,-15.2522711639977
1990,"Female",0.0617916082673862,90,90,1,-0.45316350706031,-13.6356099519643
1990,"Female",0.0513772400112202,91,90,1,-0.45316350706031,-11.3374619118178
1990,"Female",0.0401774662341179,92,90,1,-0.45316350706031,-8.86599772668164
1990,"Female",0.0300186011838974,93,90,1,-0.45316350706031,-6.62423180953588
1990,"Female",0.0218953522185537,94,90,1,-0.45316350706031,-4.83166713061025
1990,"Female",0.0195599204475521,95,95,1,-0.45316350706031,-4.31630529440423
1990,"Female",0.0146149990683995,96,95,1,-0.45316350706031,-3.22510503178148
1990,"Female",0.0105274051053108,97,95,1,-0.45316350706031,-2.3230919836424
1990,"Female",0.00728640908303113,98,95,1,-0.45316350706031,-1.6078984670011
1990,"Female",0.00482444779791003,99,95,1,-0.45316350706031,-1.06461524874463
1990,"Female",0.00657043966854509,100,95,1,-0.45316350706031,-1.4499048502753
1990,"Male",-0.154378839885458,65,65,1,-1.20815806489565,12.7780333030176
1990,"Male",-0.1491425439953,66,65,1,-1.20815806489565,12.3446218114003
1990,"Male",-0.142530382707491,67,65,1,-1.20815806489565,11.7973290787743
1990,"Male",-0.134809315420044,68,65,1,-1.20815806489565,11.1582515017758
1990,"Male",-0.126305102453651,69,65,1,-1.20815806489565,10.4543524662529
1990,"Male",-0.117266559723851,70,70,1,-1.20815806489565,9.70622662142968
1990,"Male",-0.108162913295721,71,70,1,-1.20815806489565,8.95271210270514
1990,"Male",-0.0993286594609932,72,70,1,-1.20815806489565,8.22149537772381
1990,"Male",-0.0910218743992113,73,70,1,-1.20815806489565,7.53393757356352
1990,"Male",-0.0822154700597579,74,70,1,-1.20815806489565,6.8050259687551
1990,"Male",-0.0734432657721147,75,75,1,-1.20815806489565,6.07894512366295
1990,"Male",-0.0641017089198366,76,75,1,-1.20815806489565,5.30573861006947
1990,"Male",-0.0547443633753559,77,75,1,-1.20815806489565,4.53122525653002
1990,"Male",-0.0470013164987098,78,75,1,-1.20815806489565,3.89032841516225
1990,"Male",-0.0410619771552394,79,75,1,-1.20815806489565,3.39872557642414
1990,"Male",-0.00825706836709639,80,80,1,-1.20815806489565,0.683442722191286
1990,"Male",0.00146121743352268,81,80,1,-1.20815806489565,-0.12094588249501
1990,"Male",0.00977416810110121,82,80,1,-1.20815806489565,-0.809014017710127
1990,"Male",0.0172141290006085,83,80,1,-1.20815806489565,-1.4248242428523
1990,"Male",0.0234886788393327,84,80,1,-1.20815806489565,-1.94417266430792
1990,"Male",0.02828065683953,85,85,1,-1.20815806489565,-2.34080768578676
1990,"Male",0.0314407696287891,86,85,1,-1.20815806489565,-2.60237220131495
1990,"Male",0.0326155362977278,87,85,1,-1.20815806489565,-2.6996083745503
1990,"Male",0.0316328915761446,88,85,1,-1.20815806489565,-2.61827425527112
1990,"Male",0.0284765064008274,89,85,1,-1.20815806489565,-2.35701827668443
1990,"Male",0.0236126497393983,90,90,1,-1.20815806489565,-1.95443381338002
1990,"Male",0.0179499461462518,91,90,1,-1.20815806489565,-1.4857282890217
1990,"Male",0.0126815968638736,92,90,1,-1.20815806489565,-1.04966371804743
1990,"Male",0.00854591728254572,93,90,1,-1.20815806489565,-0.707350927900635
1990,"Male",0.00574245558610098,94,90,1,-1.20815806489565,-0.475306646783587
1990,"Male",0.00492507330556258,95,95,1,-1.20815806489565,-0.407651403294482
1990,"Male",0.00331977952803975,96,95,1,-1.20815806489565,-0.274780231535886
1990,"Male",0.00212330837839847,97,95,1,-1.20815806489565,-0.1757475648339
1990,"Male",0.00127367220168484,98,95,1,-1.20815806489565,-0.105422646149769
1990,"Male",0.000702485154205235,99,95,1,-1.20815806489565,-0.0581451363539844
1990,"Male",0.000351858290538409,100,95,1,-1.20815806489565,-0.0291235311638465
2000,"Female",-0.0991842650952162,65,65,1,-1.29000807888535,7.68865456880842
2000,"Female",-0.0958493220089629,66,65,1,-1.29000807888535,7.43013346798439
2000,"Female",-0.0903967722548025,67,65,1,-1.29000807888535,7.00745783955951
2000,"Female",-0.0836095611842538,68,65,1,-1.29000807888535,6.48132074153348
2000,"Female",-0.0762375490163993,69,65,1,-1.29000807888535,5.90985050901956
2000,"Female",-0.0689422947973597,70,70,1,-1.29000807888535,5.34433046783166
2000,"Female",-0.0622610671096115,71,70,1,-1.29000807888535,4.82640908446163
2000,"Female",-0.0562860147526951,72,70,1,-1.29000807888535,4.3632296319671
2000,"Female",-0.0508543074418757,73,70,1,-1.29000807888535,3.94216968670592
2000,"Female",-0.0458617789572742,74,70,1,-1.29000807888535,3.55515439848266
2000,"Female",-0.0412602937818551,75,75,1,-1.29000807888535,3.19845235523693
2000,"Female",-0.0370469442764936,76,75,1,-1.29000807888535,2.87183815999854
2000,"Female",-0.0332663742801724,77,75,1,-1.29000807888535,2.57877255380576
2000,"Female",-0.0299748578632215,78,75,1,-1.29000807888535,2.32361784037211
2000,"Female",-0.0272061728736457,79,75,1,-1.29000807888535,2.10899244112902
2000,"Female",-0.0249714888589132,80,80,1,-1.29000807888535,1.93576220704681
2000,"Female",-0.0232596576962276,81,80,1,-1.29000807888535,1.80306294797204
2000,"Female",-0.0220185106794553,82,80,1,-1.29000807888535,1.70685060348464
2000,"Female",-0.0211545193362674,83,80,1,-1.29000807888535,1.63987494981786
2000,"Female",-0.0205646372334911,84,80,1,-1.29000807888535,1.59414794140361
2000,"Female",-0.0201418778144351,85,85,1,-1.29000807888535,1.56137609865506
2000,"Female",-0.0197804906038286,86,85,1,-1.29000807888535,1.53336176165038
2000,"Female",-0.019412862559804,87,85,1,-1.29000807888535,1.5048636421392
2000,"Female",-0.0190273314687808,88,85,1,-1.29000807888535,1.47497769821888
2000,"Female",-0.0186124265568903,89,85,1,-1.29000807888535,1.4428147281816
2000,"Female",-0.0181535343430355,90,90,1,-1.29000807888535,1.40724191112983
2000,"Female",-0.0176350161386178,91,90,1,-1.29000807888535,1.36704695321409
2000,"Female",-0.0170260274665779,92,90,1,-1.29000807888535,1.31983882467538
2000,"Female",-0.0162677347634776,93,90,1,-1.29000807888535,1.26105681272431
2000,"Female",-0.0153151083773988,94,90,1,-1.29000807888535,1.18721026853041
2000,"Female",-0.0148600206105662,95,95,1,-1.29000807888535,1.1519323680055
2000,"Female",-0.0138512643035629,96,95,1,-1.29000807888535,1.07373469440062
2000,"Female",-0.0126588719709222,97,95,1,-1.29000807888535,0.981301759122336
2000,"Female",-0.011316937622901,98,95,1,-1.29000807888535,0.877276492150308
2000,"Female",-0.00987597909285043,99,95,1,-1.29000807888535,0.765574980071746
2000,"Female",-0.0358662056935071,100,95,1,-1.29000807888535,2.78030861050869
2000,"Male",-0.153718606173356,65,65,1,-0.254501056307411,60.3999874906923
2000,"Male",-0.146456484718914,66,65,1,-0.254501056307411,57.5465134973781
2000,"Male",-0.134057388535677,67,65,1,-0.254501056307411,52.6745902279278
2000,"Male",-0.118430328127937,68,65,1,-0.254501056307411,46.5343169282903
2000,"Male",-0.101341737739935,69,65,1,-0.254501056307411,39.8197709708226
2000,"Male",-0.0852103341552679,70,70,1,-0.254501056307411,33.4813282866467
2000,"Male",-0.0715936076935222,71,70,1,-0.254501056307411,28.1309668149449
2000,"Male",-0.0612313805658777,72,70,1,-0.254501056307411,24.05938169935
2000,"Male",-0.0532444385701165,73,70,1,-0.254501056307411,20.9211071036981
2000,"Male",-0.0463222121360216,74,70,1,-0.254501056307411,18.2011865915673
2000,"Male",-0.0392560245852414,75,75,1,-0.254501056307411,15.4247000601145
2000,"Male",-0.0310595576313526,76,75,1,-0.254501056307411,12.2040977283158
2000,"Male",-0.0219312619234158,77,75,1,-0.254501056307411,8.61735595192384
2000,"Male",-0.0129207936586306,78,75,1,-0.254501056307411,5.07691160347234
2000,"Male",-0.00503427309259585,79,75,1,-0.254501056307411,1.97809516614146
2000,"Male",0.0327973640282977,80,80,1,-0.254501056307411,-12.8869264843765
2000,"Male",0.0457823844578931,81,80,1,-0.254501056307411,-17.9890744353503
2000,"Male",0.0571046209871575,82,80,1,-0.254501056307411,-22.437871895581
2000,"Male",0.0659439383740308,83,80,1,-0.254501056307411,-25.9110666693568
2000,"Male",0.0726965347845763,84,80,1,-0.254501056307411,-28.5643351895429
2000,"Male",0.0761999065728363,85,85,1,-0.254501056307411,-29.9408999233365
2000,"Male",0.0766299788076399,86,85,1,-0.254501056307411,-30.1098863476145
2000,"Male",0.0738325462625431,87,85,1,-0.254501056307411,-29.0107032692866
2000,"Male",0.0675381216575026,88,85,1,-0.254501056307411,-26.5374622162367
2000,"Male",0.0588737132514439,89,85,1,-0.254501056307411,-23.1329936722661
2000,"Male",0.0489090908434342,90,90,1,-0.254501056307411,-19.2176376605514
2000,"Male",0.0389408146292638,91,90,1,-0.254501056307411,-15.3008459745751
2000,"Male",0.0299490310769635,92,90,1,-0.254501056307411,-11.7677433294375
2000,"Male",0.0227500707607984,93,90,1,-0.254501056307411,-8.93908696917886
2000,"Male",0.0173702099994646,94,90,1,-0.254501056307411,-6.82520153412768
2000,"Male",0.0136414038451456,95,95,1,-0.254501056307411,-5.36005784929557
2000,"Male",0.00983948612488206,96,95,1,-0.254501056307411,-3.8661867528742
2000,"Male",0.00687153390440542,97,95,1,-0.254501056307411,-2.70000211555323
2000,"Male",0.00463116093724558,98,95,1,-0.254501056307411,-1.81970204935087
2000,"Male",0.00299900855405433,99,95,1,-0.254501056307411,-1.17838746823582
2000,"Male",0.00400645314087278,100,95,1,-0.254501056307411,-1.57423831515787
2010,"Female",-0.0900690597268028,65,65,1,-2.43955033807416,3.69203530343652
2010,"Female",-0.0938283716272483,66,65,1,-2.43955033807416,3.8461338617558
2010,"Female",-0.0974210177385242,67,65,1,-2.43955033807416,3.9934005959242
2010,"Female",-0.100651065653922,68,65,1,-2.43955033807416,4.12580400916748
2010,"Female",-0.103298646495812,69,65,1,-2.43955033807416,4.23433142098469
2010,"Female",-0.105119045491604,70,70,1,-2.43955033807416,4.30895168880128
2010,"Female",-0.105850333746039,71,70,1,-2.43955033807416,4.33892804317373
2010,"Female",-0.105376258231022,72,70,1,-2.43955033807416,4.3194951375428
2010,"Female",-0.103725516773217,73,70,1,-2.43955033807416,4.25182932913369
2010,"Female",-0.100974532340322,74,70,1,-2.43955033807416,4.13906328409824
2010,"Female",-0.097255623454469,75,75,1,-2.43955033807416,3.98662089224382
2010,"Female",-0.0927669255407082,76,75,1,-2.43955033807416,3.80262395462357
2010,"Female",-0.0878218736807792,77,75,1,-2.43955033807416,3.59992053904934
2010,"Female",-0.0828064157755204,78,75,1,-2.43955033807416,3.39433109795512
2010,"Female",-0.0780883664726151,79,75,1,-2.43955033807416,3.2009327806804
2010,"Female",-0.0739988116148567,80,80,1,-2.43955033807416,3.03329718022024
2010,"Female",-0.0708149493562757,81,80,1,-2.43955033807416,2.90278697065865
2010,"Female",-0.0685016954564173,82,80,1,-2.43955033807416,2.8079640082563
2010,"Female",-0.0666669749558118,83,80,1,-2.43955033807416,2.73275668533408
2010,"Female",-0.0649126914621974,84,80,1,-2.43955033807416,2.66084656869352
2010,"Female",-0.0628746970680503,85,85,1,-2.43955033807416,2.57730681293034
2010,"Female",-0.0602458006707955,86,85,1,-2.43955033807416,2.46954529818619
2010,"Female",-0.0569740559261831,87,85,1,-2.43955033807416,2.33543268351494
2010,"Female",-0.0533336017525947,88,85,1,-2.43955033807416,2.18620624138044
2010,"Female",-0.0495798349470515,89,85,1,-2.43955033807416,2.03233498293752
2010,"Female",-0.0459075953657369,90,90,1,-2.43955033807416,1.88180562004625
2010,"Female",-0.0424496235029554,91,90,1,-2.43955033807416,1.74005933964315
2010,"Female",-0.0391911901451287,92,90,1,-2.43955033807416,1.60649237416709
2010,"Female",-0.0359240925345574,93,90,1,-2.43955033807416,1.47257025091422
2010,"Female",-0.0324933028391072,94,90,1,-2.43955033807416,1.331938199101
2010,"Female",-0.0294502179271809,95,95,1,-2.43955033807416,1.2071986163823
2010,"Female",-0.0261335420161792,96,95,1,-2.43955033807416,1.07124422104812
2010,"Female",-0.022828801146769,97,95,1,-2.43955033807416,0.935779056922049
2010,"Female",-0.0195910860657911,98,95,1,-2.43955033807416,0.803061357662199
2010,"Female",-0.0164855177140772,99,95,1,-2.43955033807416,0.67576050622064
2010,"Female",-0.0561392028578336,100,95,1,-2.43955033807416,2.30121108721008
2010,"Male",-0.0724221242739507,65,65,1,-1.40475661178088,5.15549267870236
2010,"Male",-0.0738159605553275,66,65,1,-1.40475661178088,5.25471529632077
2010,"Male",-0.0743970614672147,67,65,1,-1.40475661178088,5.29608195777756
2010,"Male",-0.0745243533629836,68,65,1,-1.40475661178088,5.30514344890715
2010,"Male",-0.0745776473767386,69,65,1,-1.40475661178088,5.30893727435051
2010,"Male",-0.0749559132841817,70,70,1,-1.40475661178088,5.33586477939095
2010,"Male",-0.0760402987128472,71,70,1,-1.40475661178088,5.41305860923815
2010,"Male",-0.0775993721962713,72,70,1,-1.40475661178088,5.52404391945837
2010,"Male",-0.0788852256372312,73,70,1,-1.40475661178088,5.6155795940497
2010,"Male",-0.0790970246414648,74,70,1,-1.40475661178088,5.63065686810966
2010,"Male",-0.0774328323397864,75,75,1,-1.40475661178088,5.51218849517432
2010,"Male",-0.0731918858043823,76,75,1,-1.40475661178088,5.2102894686926
2010,"Male",-0.0665587471511877,77,75,1,-1.40475661178088,4.73809815828578
2010,"Male",-0.0585258141077691,78,75,1,-1.40475661178088,4.16626009210043
2010,"Male",-0.0500637949612557,79,75,1,-1.40475661178088,3.56387679840049
2010,"Male",-0.0420219852053041,80,80,1,-1.40475661178088,2.99140682826405
2010,"Male",-0.0350842135765141,81,80,1,-1.40475661178088,2.4975296989018
2010,"Male",-0.0295076104414083,82,80,1,-1.40475661178088,2.10054967486502
2010,"Male",-0.0251472842515827,83,80,1,-1.40475661178088,1.79015240367527
2010,"Male",-0.0218425815972072,84,80,1,-1.40475661178088,1.55490149781294
2010,"Male",-0.0194322710308921,85,85,1,-1.40475661178088,1.38331942116697
2010,"Male",-0.0177466552251655,86,85,1,-1.40475661178088,1.26332597948531
2010,"Male",-0.0165459930868401,87,85,1,-1.40475661178088,1.17785479335555
2010,"Male",-0.0155216751041589,88,85,1,-1.40475661178088,1.10493696730007
2010,"Male",-0.0144395962688506,89,85,1,-1.40475661178088,1.02790733624274
2010,"Male",-0.0131573631461546,90,90,1,-1.40475661178088,0.93662938019379
2010,"Male",-0.0116187457489634,91,90,1,-1.40475661178088,0.827100271429489
2010,"Male",-0.00992502217827074,92,90,1,-1.40475661178088,0.706529664643349
2010,"Male",-0.00833828890733557,93,90,1,-1.40475661178088,0.593575345181304
2010,"Male",-0.0070198078958903,94,90,1,-1.40475661178088,0.499717021227679
2010,"Male",-0.00660816058060831,95,95,1,-1.40475661178088,0.470413203624705
2010,"Male",-0.00576917040407743,96,95,1,-1.40475661178088,0.410688254156964
2010,"Male",-0.00495787841141748,97,95,1,-1.40475661178088,0.352935047241538
2010,"Male",-0.00418020470535829,98,95,1,-1.40475661178088,0.297575015508119
2010,"Male",-0.00344766256695728,99,95,1,-1.40475661178088,0.245427751543842
2010,"Male",-0.0103563855753332,100,95,1,-1.40475661178088,0.737237005220707
2019,"Female",-0.0793865730817966,65,65,1,-3.19494532682366,2.48475529190732
2019,"Female",-0.0807395710481966,66,65,1,-3.19494532682366,2.52710337076303
2019,"Female",-0.0838702767468522,67,65,1,-3.19494532682366,2.62509270636672
2019,"Female",-0.088105072701115,68,65,1,-3.19494532682366,2.75763944883235
2019,"Female",-0.0926459899358054,69,65,1,-3.19494532682366,2.89976761598959
2019,"Female",-0.0965587461047228,70,70,1,-3.19494532682366,3.02223469347187
2019,"Female",-0.0988440124737355,71,70,1,-3.19494532682366,3.09376225138738
2019,"Female",-0.0993232133464712,72,70,1,-3.19494532682366,3.10876097041748
2019,"Female",-0.0985499238310084,73,70,1,-3.19494532682366,3.08455744151918
2019,"Female",-0.0971578894538414,74,70,1,-3.19494532682366,3.04098754486148
2019,"Female",-0.0958156426009378,75,75,1,-3.19494532682366,2.99897596983907
2019,"Female",-0.0951927517851843,76,75,1,-3.19494532682366,2.97947983603909
2019,"Female",-0.0955992117827087,77,75,1,-3.19494532682366,2.99220180639996
2019,"Female",-0.0969704580180739,78,75,1,-3.19494532682366,3.03512104585776
2019,"Female",-0.0992058527073674,79,75,1,-3.19494532682366,3.10508764811933
2019,"Female",-0.10217516537058,80,80,1,-3.19494532682366,3.19802547207155
2019,"Female",-0.105707230409008,81,80,1,-3.19494532682366,3.30857713030413
2019,"Female",-0.109437385744767,82,80,1,-3.19494532682366,3.42532890393989
2019,"Female",-0.112771994823104,83,80,1,-3.19494532682366,3.52970030116977
2019,"Female",-0.115099649435123,84,80,1,-3.19494532682366,3.6025545873598
2019,"Female",-0.115846963525927,85,85,1,-3.19494532682366,3.62594510000893
2019,"Female",-0.114533571208835,86,85,1,-3.19494532682366,3.58483665580285
2019,"Female",-0.111136610032165,87,85,1,-3.19494532682366,3.47851367280375
2019,"Female",-0.106235528237876,88,85,1,-3.19494532682366,3.32511255657364
2019,"Female",-0.100398002003407,89,85,1,-3.19494532682366,3.14240125364589
2019,"Female",-0.0940869894070442,90,90,1,-3.19494532682366,2.94487009267803
2019,"Female",-0.0876492663258155,91,90,1,-3.19494532682366,2.7433729644743
2019,"Female",-0.081124776877143,92,90,1,-3.19494532682366,2.53916009754681
2019,"Female",-0.0741450510723656,93,90,1,-3.19494532682366,2.32069858754293
2019,"Female",-0.0664845635344662,94,90,1,-3.19494532682366,2.08092961642519
2019,"Female",-0.0583988983935217,95,95,1,-3.19494532682366,1.82785282437307
2019,"Female",-0.0502549594702426,96,95,1,-3.19494532682366,1.57295209555917
2019,"Female",-0.0422995858310173,97,95,1,-3.19494532682366,1.32395335456556
2019,"Female",-0.0348077951044186,98,95,1,-3.19494532682366,1.08946449919453
2019,"Female",-0.0280153482314098,99,95,1,-3.19494532682366,0.876864714904591
2019,"Female",-0.0863708061676043,100,95,1,-3.19494532682366,2.70335787728399
2019,"Male",-0.0856325717321527,65,65,1,-3.03508931279349,2.82141851217342
2019,"Male",-0.0839605091397733,66,65,1,-3.03508931279349,2.76632746146426
2019,"Male",-0.0857102587853511,67,65,1,-3.03508931279349,2.8239781420621
2019,"Male",-0.0897898890298929,68,65,1,-3.03508931279349,2.95839363446114
2019,"Male",-0.0949978043099104,69,65,1,-3.03508931279349,3.12998381660389
2019,"Male",-0.0999904919664765,70,70,1,-3.03508931279349,3.29448268770863
2019,"Male",-0.103367081847137,71,70,1,-3.03508931279349,3.40573443461532
2019,"Male",-0.10474575862151,72,70,1,-3.03508931279349,3.4511590212514
2019,"Male",-0.104616877383563,73,70,1,-3.03508931279349,3.4469126474329
2019,"Male",-0.103533257766518,74,70,1,-3.03508931279349,3.41120959209026
2019,"Male",-0.102053531598431,75,75,1,-3.03508931279349,3.36245563411446
2019,"Male",-0.100708923252791,76,75,1,-3.03508931279349,3.31815353269121
2019,"Male",-0.0998519972321592,77,75,1,-3.03508931279349,3.28991956880028
2019,"Male",-0.0996574292160819,78,75,1,-3.03508931279349,3.28350894967098
2019,"Male",-0.100258469403766,79,75,1,-3.03508931279349,3.30331199748083
2019,"Male",-0.101743050833802,80,80,1,-3.03508931279349,3.35222592643107
2019,"Male",-0.104134413792497,81,80,1,-3.03508931279349,3.43101645653558
2019,"Male",-0.107034000858043,82,80,1,-3.03508931279349,3.52655193397024
2019,"Male",-0.109572953406035,83,80,1,-3.03508931279349,3.61020523989734
2019,"Male",-0.110923285271269,84,80,1,-3.03508931279349,3.65469591961285
2019,"Male",-0.110384534096179,85,85,1,-3.03508931279349,3.63694516767221
2019,"Male",-0.10745002244852,86,85,1,-3.03508931279349,3.54025899651772
2019,"Male",-0.102226328713744,87,85,1,-3.03508931279349,3.36814894648537
2019,"Male",-0.0955248922926,88,85,1,-3.03508931279349,3.14735029015271
2019,"Male",-0.0880772125456204,89,85,1,-3.03508931279349,2.90196443888349
2019,"Male",-0.0804365496878923,90,90,1,-3.03508931279349,2.65022018788167
2019,"Male",-0.0729849980198995,91,90,1,-3.03508931279349,2.40470676471541
2019,"Male",-0.0657599336473318,92,90,1,-3.03508931279349,2.16665563580422
2019,"Male",-0.0584083281520495,93,90,1,-3.03508931279349,1.92443523509661
2019,"Male",-0.0507773944065821,94,90,1,-3.03508931279349,1.67301153849231
2019,"Male",-0.0430734174471326,95,95,1,-3.03508931279349,1.41918121702613
2019,"Male",-0.0360010875744425,96,95,1,-3.03508931279349,1.1861623782434
2019,"Male",-0.0295336536128881,97,95,1,-3.03508931279349,0.973073625490952
2019,"Male",-0.0238123010965019,98,95,1,-3.03508931279349,0.784566734037394
2019,"Male",-0.018910570501383,99,95,1,-3.03508931279349,0.623064712516738
2019,"Male",-0.0594455331035668,100,95,1,-3.03508931279349,1.95860902191551
1990,"Female",-0.0604612574565291,65,65,5,0.821349931203599,-7.36120563959014
1990,"Female",-0.057846448302417,66,65,5,0.821349931203599,-7.04285056889812
1990,"Female",-0.050307872539662,67,65,5,0.821349931203599,-6.12502304175532
1990,"Female",-0.0382033505124149,68,65,5,0.821349931203599,-4.6512879664374
1990,"Female",-0.022810187003472,69,65,5,0.821349931203599,-2.77715820466999
1990,"Female",-0.006429771765605,70,70,5,0.821349931203599,-0.782829768571705
1990,"Female",0.00871451454576722,71,70,5,0.821349931203599,1.06099899868465
1990,"Female",0.0208293999498821,72,70,5,0.821349931203599,2.53599582328556
1990,"Female",0.0297213612342127,73,70,5,0.821349931203599,3.61859910192714
1990,"Female",0.0353479379791857,74,70,5,0.821349931203599,4.30363924513722
1990,"Female",0.0385404682003312,75,75,5,0.821349931203599,4.69233231003676
1990,"Female",0.0411590512865079,76,75,5,0.821349931203599,5.01114685992531
1990,"Female",0.0440369168713257,77,75,5,0.821349931203599,5.36152925791257
1990,"Female",0.0477482148957318,78,75,5,0.821349931203599,5.81338271079684
1990,"Female",0.0519004226853497,79,75,5,0.821349931203599,6.31891727430904
1990,"Female",0.0558656807062423,80,80,5,0.821349931203599,6.8016905564693
1990,"Female",0.0589570204979335,81,80,5,0.821349931203599,7.17806360701076
1990,"Female",0.0608961392143499,82,80,5,0.821349931203599,7.41415283557803
1990,"Female",0.061327904529632,83,80,5,0.821349931203599,7.4667206022362
1990,"Female",0.0597787394498575,84,80,5,0.821349931203599,7.27810853557365
1990,"Female",0.057493823992802,85,85,5,0.821349931203599,6.99991828191317
1990,"Female",0.0545065155043201,86,85,5,0.821349931203599,6.63621112434339
1990,"Female",0.0512691945912653,87,85,5,0.821349931203599,6.24206475748234
1990,"Female",0.0470778002046757,88,85,5,0.821349931203599,5.73175919497409
1990,"Female",0.0421659014316482,89,85,5,0.821349931203599,5.13373165684189
1990,"Female",0.0370929495766212,90,90,5,0.821349931203599,4.51609577933069
1990,"Female",0.032102941319943,91,90,5,0.821349931203599,3.90855835014189
1990,"Female",0.0272419072534582,92,90,5,0.821349931203599,3.31672363002918
1990,"Female",0.0225636850020727,93,90,5,0.821349931203599,2.74714639216054
1990,"Female",0.0180781402838335,94,90,5,0.821349931203599,2.20102779546617
1990,"Female",0.0145455066774502,95,95,5,0.821349931203599,1.77092687597056
1990,"Female",0.011278055597062,96,95,5,0.821349931203599,1.37311213754352
1990,"Female",0.00850971370758913,97,95,5,0.821349931203599,1.03606433558947
1990,"Female",0.0062348764310638,98,95,5,0.821349931203599,0.759101108333602
1990,"Female",0.00442514464840649,99,95,5,0.821349931203599,0.538764840696086
1990,"Female",0.00799889051517866,100,95,5,0.821349931203599,0.973871210223047
1990,"Male",-0.0435542623322238,65,65,5,0.601740522614415,-7.23804708098953
1990,"Male",-0.0444442636320161,66,65,5,0.601740522614415,-7.38595157908208
1990,"Male",-0.0427235508267731,67,65,5,0.601740522614415,-7.09999563286012
1990,"Male",-0.0377081577553104,68,65,5,0.601740522614415,-6.26651460856878
1990,"Male",-0.0298618124814984,69,65,5,0.601740522614415,-4.962572962804
1990,"Male",-0.0206873236664409,70,70,5,0.601740522614415,-3.43791433167232
1990,"Male",-0.0125605124331267,71,70,5,0.601740522614415,-2.08736356636817
1990,"Male",-0.00532517673577626,72,70,5,0.601740522614415,-0.884962294485283
1990,"Male",0.000541005922891635,73,70,5,0.601740522614415,0.0899068456518595
1990,"Male",0.00538615419556798,74,70,5,0.601740522614415,0.895095808433585
1990,"Male",0.0103375313166278,75,75,5,0.601740522614415,1.71793836847048
1990,"Male",0.0150495208565022,76,75,5,0.601740522614415,2.50099840228738
1990,"Male",0.0193811778288486,77,75,5,0.601740522614415,3.22085302559352
1990,"Male",0.0233754650684102,78,75,5,0.601740522614415,3.88464199932048
1990,"Male",0.0250386657980091,79,75,5,0.601740522614415,4.16104032502617
1990,"Male",0.058773437342448,80,80,5,0.601740522614415,9.76723938868066
1990,"Male",0.0661754405227306,81,80,5,0.601740522614415,10.9973382273167
1990,"Male",0.070382298066705,82,80,5,0.601740522614415,11.6964531092091
1990,"Male",0.0722911215123174,83,80,5,0.601740522614415,12.0136701444387
1990,"Male",0.0713183698234614,84,80,5,0.601740522614415,11.8520138071474
1990,"Male",0.0689692572653291,85,85,5,0.601740522614415,11.4616275077627
1990,"Male",0.0655054720962633,86,85,5,0.601740522614415,10.8859998013194
1990,"Male",0.0606147026586772,87,85,5,0.601740522614415,10.0732293041062
1990,"Male",0.0541986537399808,88,85,5,0.601740522614415,9.00698086685286
1990,"Male",0.0455527369526241,89,85,5,0.601740522614415,7.57016275964075
1990,"Male",0.0358299792808952,90,90,5,0.601740522614415,5.95439029520941
1990,"Male",0.0258488906901819,91,90,5,0.601740522614415,4.29568721379687
1990,"Male",0.0170593177201823,92,90,5,0.601740522614415,2.83499566325761
1990,"Male",0.0102241811416333,93,90,5,0.601740522614415,1.6991013164963
1990,"Male",0.00554866019999611,94,90,5,0.601740522614415,0.922101801601884
1990,"Male",0.00498905333619781,95,95,5,0.601740522614415,0.829103766274805
1990,"Male",0.00313308480395058,96,95,5,0.601740522614415,0.520670402973377
1990,"Male",0.00184460790292995,97,95,5,0.601740522614415,0.306545401814653
1990,"Male",0.000991202833451332,98,95,5,0.601740522614415,0.164722633128445
1990,"Male",0.000458541870157703,99,95,5,0.601740522614415,0.0762025911376968
1990,"Male",-0.000212948269389557,100,95,5,0.601740522614415,-0.0353887201188228
2000,"Female",-0.0913940403249338,65,65,5,0.140088642294305,-65.240149970851
2000,"Female",-0.0857746714999692,66,65,5,0.140088642294305,-61.2288548844448
2000,"Female",-0.0776245025291811,67,65,5,0.140088642294305,-55.4109892550058
2000,"Female",-0.0678265458731317,68,65,5,0.140088642294305,-48.4168771731247
2000,"Female",-0.0572213440663187,69,65,5,0.140088642294305,-40.846526263068
2000,"Female",-0.0465415159323541,70,70,5,0.140088642294305,-33.2229045625107
2000,"Female",-0.0363696977731891,71,70,5,0.140088642294305,-25.9619175241786
2000,"Female",-0.0268229528565858,72,70,5,0.140088642294305,-19.1471288587655
2000,"Female",-0.0177813639827527,73,70,5,0.140088642294305,-12.6929376225923
2000,"Female",-0.00921818496696147,74,70,5,0.140088642294305,-6.58025148648057
2000,"Female",-0.00119750637303895,75,75,5,0.140088642294305,-0.854820457552273
2000,"Female",0.00614617955010921,76,75,5,0.140088642294305,4.38735035863722
2000,"Female",0.0127543202640155,77,75,5,0.140088642294305,9.10446418434161
2000,"Female",0.0187085441226511,78,75,5,0.140088642294305,13.3547900930807
2000,"Female",0.0241290266138812,79,75,5,0.140088642294305,17.2241134032763
2000,"Female",0.0291551677198054,80,80,5,0.140088642294305,20.8119425260435
2000,"Female",0.0339279861378898,81,80,5,0.140088642294305,24.2189413661474
2000,"Female",0.0383754473862528,82,80,5,0.140088642294305,27.3936892797003
2000,"Female",0.0421549573719506,83,80,5,0.140088642294305,30.0916310427146
2000,"Female",0.0449292991648722,84,80,5,0.140088642294305,32.0720498314792
2000,"Female",0.0464133723048636,85,85,5,0.140088642294305,33.1314313171485
2000,"Female",0.0464066512469685,86,85,5,0.140088642294305,33.1266335992286
2000,"Female",0.0449612814262697,87,85,5,0.140088642294305,32.0948798488693
2000,"Female",0.0424341704068052,88,85,5,0.140088642294305,30.290942728717
2000,"Female",0.0391912569812369,89,85,5,0.140088642294305,27.9760416971577
2000,"Female",0.0355555513328891,90,90,5,0.140088642294305,25.380752322656
2000,"Female",0.0317924137579073,91,90,5,0.140088642294305,22.6944977388789
2000,"Female",0.0280222383397746,92,90,5,0.140088642294305,20.0032193051768
2000,"Female",0.0241911735918947,93,90,5,0.140088642294305,17.2684760132607
2000,"Female",0.0203090617053014,94,90,5,0.140088642294305,14.4972935512039
2000,"Female",0.0154118236613812,95,95,5,0.140088642294305,11.0014797837809
2000,"Female",0.0116517834930239,96,95,5,0.140088642294305,8.31743623337088
2000,"Female",0.00843041496511177,97,95,5,0.140088642294305,6.01791467676639
2000,"Female",0.00579308440565107,98,95,5,0.140088642294305,4.13529912973292
2000,"Female",0.0037367240765267,99,95,5,0.140088642294305,2.66739973728662
2000,"Female",0.00327903844568844,100,95,5,0.140088642294305,2.34068828991837
2000,"Male",-0.0518322910769138,65,65,5,0.390622745795007,-13.2691430887936
2000,"Male",-0.0478059300148672,66,65,5,0.390622745795007,-12.2383887086686
2000,"Male",-0.042373897686721,67,65,5,0.390622745795007,-10.8477804077897
2000,"Male",-0.0359339817548392,68,65,5,0.390622745795007,-9.19915241538363
2000,"Male",-0.028822237257339,69,65,5,0.390622745795007,-7.37853531767055
2000,"Male",-0.0212710611236124,70,70,5,0.390622745795007,-5.44542307190047
2000,"Male",-0.0133865131934225,71,70,5,0.390622745795007,-3.42696715373753
2000,"Male",-0.00520458964896431,72,70,5,0.390622745795007,-1.33238263900167
2000,"Male",0.00316013204093402,73,70,5,0.390622745795007,0.808998471018994
2000,"Male",0.0114665247692329,74,70,5,0.390622745795007,2.93544728069942
2000,"Male",0.0193454787621157,75,75,5,0.390622745795007,4.95247114264767
2000,"Male",0.0263300289263544,76,75,5,0.390622745795007,6.74052630313853
2000,"Male",0.0321122648136898,77,75,5,0.390622745795007,8.22078723253403
2000,"Male",0.0366451204572114,78,75,5,0.390622745795007,9.38120497377339
2000,"Male",0.039966557340211,79,75,5,0.390622745795007,10.2314977226608
2000,"Male",0.0421717650268052,80,80,5,0.390622745795007,10.7960341482358
2000,"Male",0.0433921573961333,81,80,5,0.390622745795007,11.1084563976991
2000,"Male",0.0437051672161664,82,80,5,0.390622745795007,11.1885873740446
2000,"Male",0.0431118422363621,83,80,5,0.390622745795007,11.0366953026813
2000,"Male",0.0416380150549163,84,80,5,0.390622745795007,10.6593933669104
2000,"Male",0.039346158514542,85,85,5,0.390622745795007,10.0726747067592
2000,"Male",0.0363375662490615,86,85,5,0.390622745795007,9.30247064212971
2000,"Male",0.0327937920161432,87,85,5,0.390622745795007,8.39525920319881
2000,"Male",0.0289716033696052,88,85,5,0.390622745795007,7.41677326307289
2000,"Male",0.0250973346099759,89,85,5,0.390622745795007,6.42495473705635
2000,"Male",0.0213513487529333,90,90,5,0.390622745795007,5.46597682361749
2000,"Male",0.0178656972098654,91,90,5,0.390622745795007,4.57364487915434
2000,"Male",0.0146887958762498,92,90,5,0.390622745795007,3.76035344443518
2000,"Male",0.0117864971414789,93,90,5,0.390622745795007,3.01736068069736
2000,"Male",0.00915576238697824,94,90,5,0.390622745795007,2.34388869709678
2000,"Male",0.00642696670264531,95,95,5,0.390622745795007,1.64531297059135
2000,"Male",0.00447588481293959,96,95,5,0.390622745795007,1.14583312444598
2000,"Male",0.00295125417229425,97,95,5,0.390622745795007,0.75552542806686
2000,"Male",0.00181463082105093,98,95,5,0.390622745795007,0.464548170987264
2000,"Male",0.00101186344875881,99,95,5,0.390622745795007,0.259038537732726
2000,"Male",0.000133037427031191,100,95,5,0.390622745795007,0.0340577778594099
2010,"Female",-0.0690017472359781,65,65,5,-1.2725412521469,5.42235838088279
2010,"Female",-0.0746897858860898,66,65,5,-1.2725412521469,5.86934103394142
2010,"Female",-0.0805584968346746,67,65,5,-1.2725412521469,6.33052144272454
2010,"Female",-0.086075706569714,68,65,5,-1.2725412521469,6.76407986181164
2010,"Female",-0.090677250440578,69,65,5,-1.2725412521469,7.12568258888243
2010,"Female",-0.0937561794805628,70,70,5,-1.2725412521469,7.36763380537859
2010,"Female",-0.0946747409560018,71,70,5,-1.2725412521469,7.43981704296631
2010,"Female",-0.0932285391095888,72,70,5,-1.2725412521469,7.32617028739174
2010,"Female",-0.089607056243814,73,70,5,-1.2725412521469,7.0415836101689
2010,"Female",-0.0840853820716099,74,70,5,-1.2725412521469,6.60767436259924
2010,"Female",-0.0770533064039647,75,75,5,-1.2725412521469,6.05507336394545
2010,"Female",-0.0690274366553147,76,75,5,-1.2725412521469,5.4243771303177
2010,"Female",-0.0604765444708057,77,75,5,-1.2725412521469,4.75242310367354
2010,"Female",-0.051727313972556,78,75,5,-1.2725412521469,4.06488307434334
2010,"Female",-0.0430743100775235,79,75,5,-1.2725412521469,3.38490481191498
2010,"Female",-0.0347771521285036,80,80,5,-1.2725412521469,2.73288996092121
2010,"Female",-0.0270542262315985,81,80,5,-1.2725412521469,2.12599993799458
2010,"Female",-0.020078345343105,82,80,5,-1.2725412521469,1.57781488884788
2010,"Female",-0.0140072636402842,83,80,5,-1.2725412521469,1.10073159645336
2010,"Female",-0.00899769656655991,84,80,5,-1.2725412521469,0.707065217051309
2010,"Female",-0.00517937997231144,85,85,5,-1.2725412521469,0.407010771837324
2010,"Female",-0.00262417219550848,86,85,5,-1.2725412521469,0.206215098416751
2010,"Female",-0.0011707975448676,87,85,5,-1.2725412521469,0.0920046829831528
2010,"Female",-0.000376106152170763,88,85,5,-1.2725412521469,0.0295555174762497
2010,"Female",0.000156532161232903,89,85,5,-1.2725412521469,-0.0123007533915948
2010,"Female",0.000719190670599446,90,90,5,-1.2725412521469,-0.0565160987422689
2010,"Female",0.00149201961536605,91,90,5,-1.2725412521469,-0.117247249379843
2010,"Female",0.00239918052124288,92,90,5,-1.2725412521469,-0.188534596988132
2010,"Female",0.00305378562432779,93,90,5,-1.2725412521469,-0.239975373621544
2010,"Female",0.0032012952082443,94,90,5,-1.2725412521469,-0.251567106594259
2010,"Female",0.000797199992403463,95,95,5,-1.2725412521469,-0.0626462985823455
2010,"Female",-0.000107676537371759,96,95,5,-1.2725412521469,0.00846153609481018
2010,"Female",-0.000837125243533521,97,95,5,-1.2725412521469,0.0657837411652637
2010,"Female",-0.00134639109347034,98,95,5,-1.2725412521469,0.105803335742465
2010,"Female",-0.00162704770347055,99,95,5,-1.2725412521469,0.127858150038403
2010,"Female",-0.0084632791787822,100,95,5,-1.2725412521469,0.665069141334621
2010,"Male",-0.0293337540117147,65,65,5,-0.308510988861723,9.50817153059733
2010,"Male",-0.0269512549410393,66,65,5,-0.308510988861723,8.73591408866122
2010,"Male",-0.0260585138941583,67,65,5,-0.308510988861723,8.44654318159081
2010,"Male",-0.0264296135869895,68,65,5,-0.308510988861723,8.56683053154888
2010,"Male",-0.0277993423109297,69,65,5,-0.308510988861723,9.01081106170568
2010,"Male",-0.0298872455208574,70,70,5,-0.308510988861723,9.68757891935353
2010,"Male",-0.0324018982731324,71,70,5,-0.308510988861723,10.502672333547
2010,"Male",-0.0349137320121269,72,70,5,-0.308510988861723,11.3168519996464
2010,"Male",-0.0368580796135571,73,70,5,-0.308510988861723,11.9470880922421
2010,"Male",-0.0376348362037309,74,70,5,-0.308510988861723,12.1988640802027
2010,"Male",-0.0366523831800851,75,75,5,-0.308510988861723,11.8804141516376
2010,"Male",-0.0334200249631298,76,75,5,-0.308510988861723,10.8326854373764
2010,"Male",-0.0281598256029145,77,75,5,-0.308510988861723,9.1276572373686
2010,"Male",-0.021730254983451,78,75,5,-0.308510988861723,7.04359188748077
2010,"Male",-0.0149626301701584,79,75,5,-0.308510988861723,4.84995047514005
2010,"Male",-0.00857365781884312,80,80,5,-0.308510988861723,2.77904454894016
2010,"Male",-0.00312823529627337,81,80,5,-0.308510988861723,1.01397856452869
2010,"Male",0.00118600328587526,82,80,5,-0.308510988861723,-0.384428214453921
2010,"Male",0.00452321609863482,83,80,5,-0.308510988861723,-1.46614424183839
2010,"Male",0.00703139370332906,84,80,5,-0.308510988861723,-2.2791388174768
2010,"Male",0.00883625892172191,85,85,5,-0.308510988861723,-2.8641634303932
2010,"Male",0.010046209143292,86,85,5,-0.308510988861723,-3.25635374621771
2010,"Male",0.0107712532304021,87,85,5,-0.308510988861723,-3.49136776947346
2010,"Male",0.0111301391470668,88,85,5,-0.308510988861723,-3.60769617579342
2010,"Male",0.0112175791846791,89,85,5,-0.308510988861723,-3.63603877646865
2010,"Male",0.0111004016732679,90,90,5,-0.308510988861723,-3.59805714351496
2010,"Male",0.0108203476548763,91,90,5,-0.308510988861723,-3.50728111656536
2010,"Male",0.0103577506657917,92,90,5,-0.308510988861723,-3.35733605600484
2010,"Male",0.00963053247823176,93,90,5,-0.308510988861723,-3.12161732512816
2010,"Male",0.0086238751754415,94,90,5,-0.308510988861723,-2.79532188051388
2010,"Male",0.00741660493154583,95,95,5,-0.308510988861723,-2.4040002461209
2010,"Male",0.00619489306695264,96,95,5,-0.308510988861723,-2.00799753999338
2010,"Male",0.0049967522360248,97,95,5,-0.308510988861723,-1.61963509126879
2010,"Male",0.0038833534124727,98,95,5,-0.308510988861723,-1.25874071027442
2010,"Male",0.00290088160081758,99,95,5,-0.308510988861723,-0.940284691809723
2010,"Male",0.00571684791094462,100,95,5,-0.308510988861723,-1.8530451482579
2019,"Female",-0.0762555012642814,65,65,5,-1.81672201925251,4.19742263572369
2019,"Female",-0.0760769977559335,66,65,5,-1.81672201925251,4.18759705390896
2019,"Female",-0.0746847609591637,67,65,5,-1.81672201925251,4.11096250101558
2019,"Female",-0.0726069660114987,68,65,5,-1.81672201925251,3.99659195199125
2019,"Female",-0.0705924974738643,69,65,5,-1.81672201925251,3.88570715419135
2019,"Female",-0.0696510661427574,70,70,5,-1.81672201925251,3.83388682498687
2019,"Female",-0.0708994739794377,71,70,5,-1.81672201925251,3.90260442864062
2019,"Female",-0.0743204867456377,72,70,5,-1.81672201925251,4.09091132039105
2019,"Female",-0.0788695230908445,73,70,5,-1.81672201925251,4.34130936131304
2019,"Female",-0.083421854363495,74,70,5,-1.81672201925251,4.59188876886179
2019,"Female",-0.0869104036595285,75,75,5,-1.81672201925251,4.78391315448952
2019,"Female",-0.0883677375918772,76,75,5,-1.81672201925251,4.86413092676865
2019,"Female",-0.087511349114072,77,75,5,-1.81672201925251,4.81699171291371
2019,"Female",-0.0846956285267932,78,75,5,-1.81672201925251,4.66200264152913
2019,"Female",-0.0802976741584143,79,75,5,-1.81672201925251,4.4199207863101
2019,"Female",-0.0747338653330321,80,80,5,-1.81672201925251,4.11366541171672
2019,"Female",-0.0684835539255246,81,80,5,-1.81672201925251,3.76962205553617
2019,"Female",-0.0620161321787354,82,80,5,-1.81672201925251,3.41362803563376
2019,"Female",-0.0557579382754589,83,80,5,-1.81672201925251,3.06915079382373
2019,"Female",-0.0501530525761495,84,80,5,-1.81672201925251,2.76063437579653
2019,"Female",-0.0456034610815372,85,85,5,-1.81672201925251,2.51020577712273
2019,"Female",-0.0423784491154269,86,85,5,-1.81672201925251,2.33268759151516
2019,"Female",-0.0401205855155133,87,85,5,-1.81672201925251,2.20840530859096
2019,"Female",-0.0377671057016027,88,85,5,-1.81672201925251,2.07885990819564
2019,"Female",-0.0345090854587404,89,85,5,-1.81672201925251,1.8995248085857
2019,"Female",-0.0299195790890465,90,90,5,-1.81672201925251,1.64689912776843
2019,"Female",-0.0239118177181741,91,90,5,-1.81672201925251,1.31620674295634
2019,"Female",-0.0170937746744215,92,90,5,-1.81672201925251,0.94091305622281
2019,"Female",-0.0109250858539891,93,90,5,-1.81672201925251,0.601362549592713
2019,"Female",-0.00645421761365306,94,90,5,-1.81672201925251,0.355267209031167
2019,"Female",-0.00894999440379607,95,95,5,-1.81672201925251,0.492645231848874
2019,"Female",-0.00776291763104098,96,95,5,-1.81672201925251,0.427303547200635
2019,"Female",-0.00658095282085824,97,95,5,-1.81672201925251,0.362243246413999
2019,"Female",-0.00538670470236013,98,95,5,-1.81672201925251,0.296506820816566
2019,"Female",-0.00421602860945036,99,95,5,-1.81672201925251,0.232067898378038
2019,"Female",-0.00883579613639895,100,95,5,-1.81672201925251,0.486359280218029
2019,"Male",-0.0856347099139674,65,65,5,-0.800035888479629,10.7038585577337
2019,"Male",-0.0833634945590838,66,65,5,-0.800035888479629,10.4199693738122
2019,"Male",-0.0820448192507186,67,65,5,-0.800035888479629,10.2551423545055
2019,"Male",-0.0813207131892071,68,65,5,-0.800035888479629,10.1646331571134
2019,"Male",-0.0808539137227804,69,65,5,-0.800035888479629,10.1062858413056
2019,"Male",-0.0803173123166161,70,70,5,-0.800035888479629,10.0392136744327
2019,"Male",-0.079394211375579,71,70,5,-0.800035888479629,9.92383123292857
2019,"Male",-0.0778795590872061,72,70,5,-0.800035888479629,9.73450819002717
2019,"Male",-0.0756486926461406,73,70,5,-0.800035888479629,9.45566239408357
2019,"Male",-0.0725850962879573,74,70,5,-0.800035888479629,9.07273002788618
2019,"Male",-0.0685830464733019,75,75,5,-0.800035888479629,8.57249624184181
2019,"Male",-0.0635336410857494,76,75,5,-0.800035888479629,7.9413488820467
2019,"Male",-0.0571833392942587,77,75,5,-0.800035888479629,7.14759676630616
2019,"Male",-0.0491508169010793,78,75,5,-0.800035888479629,6.14357650810946
2019,"Male",-0.0390787083603179,79,75,5,-0.800035888479629,4.88461941808414
2019,"Male",-0.0266427095958983,80,80,5,-0.800035888479629,3.33018930519849
2019,"Male",-0.0115756182174955,81,80,5,-0.800035888479629,1.44688736895211
2019,"Male",0.00540860853877234,82,80,5,-0.800035888479629,-0.676045739529354
2019,"Male",0.0221942470026582,83,80,5,-0.800035888479629,-2.77415642501184
2019,"Male",0.036385767103404,84,80,5,-0.800035888479629,-4.54801686116241
2019,"Male",0.0457168122469067,85,85,5,-0.800035888479629,-5.71434518191252
2019,"Male",0.0485961126372274,86,85,5,-0.800035888479629,-6.07424158553417
2019,"Male",0.0453420535162188,87,85,5,-0.800035888479629,-5.66750244196993
2019,"Male",0.0382659178770615,88,85,5,-0.800035888479629,-4.78302516525617
2019,"Male",0.0296127890684463,89,85,5,-0.800035888479629,-3.70143258507088
2019,"Male",0.021055756005083,90,90,5,-0.800035888479629,-2.63185143420215
2019,"Male",0.013617461467919,91,90,5,-0.800035888479629,-1.70210632597961
2019,"Male",0.00781795098678639,92,90,5,-0.800035888479629,-0.977200035568837
2019,"Male",0.00383694881558316,93,90,5,-0.800035888479629,-0.47959708693504
2019,"Male",0.00150516466966355,94,90,5,-0.800035888479629,-0.18813714376288
2019,"Male",0.000351478798874538,95,95,5,-0.800035888479629,-0.0439328790040258
2019,"Male",-0.000596811855827717,96,95,5,-0.800035888479629,0.0745981354613835
2019,"Male",-0.000984990918886375,97,95,5,-0.800035888479629,0.123118341698174
2019,"Male",-0.00101203528241633,98,95,5,-0.800035888479629,0.126498735492927
2019,"Male",-0.000847529144300196,99,95,5,-0.800035888479629,0.105936390667527
2019,"Male",-0.00151118773544567,100,95,5,-0.800035888479629,0.188889993212367
1990,"Female",-0.00119408590143344,65,65,10,1.92873137187302,-0.0619104308068491
1990,"Female",0.00875426976958238,66,65,10,1.92873137187302,0.45388745665919
1990,"Female",0.0202730128618143,67,65,10,1.92873137187302,1.05110608752772
1990,"Female",0.0341775141779515,68,65,10,1.92873137187302,1.77202044184935
1990,"Female",0.0490118663902521,69,65,10,1.92873137187302,2.5411452888152
1990,"Female",0.0619488897470255,70,70,10,1.92873137187302,3.21189827937863
1990,"Female",0.0734293016119931,71,70,10,1.92873137187302,3.80712952995028
1990,"Female",0.0820892616352928,72,70,10,1.92873137187302,4.25612725713973
1990,"Female",0.087486462728716,73,70,10,1.92873137187302,4.5359589212134
1990,"Female",0.0902012279388824,74,70,10,1.92873137187302,4.67671285147846
1990,"Female",0.0904897718521038,75,75,10,1.92873137187302,4.69167314700894
1990,"Female",0.0901781275738589,76,75,10,1.92873137187302,4.67551515410284
1990,"Female",0.0906249137412516,77,75,10,1.92873137187302,4.6986799231271
1990,"Female",0.092444063586612,78,75,10,1.92873137187302,4.79299838923852
1990,"Female",0.0950879454536384,79,75,10,1.92873137187302,4.93007719168776
1990,"Female",0.0976154107476663,80,80,10,1.92873137187302,5.06112007982067
1990,"Female",0.0992840060461564,81,80,10,1.92873137187302,5.14763266124199
1990,"Female",0.0989327097050481,82,80,10,1.92873137187302,5.12941880594667
1990,"Female",0.0956226401850095,83,80,10,1.92873137187302,4.9577998045497
1990,"Female",0.0892453260483705,84,80,10,1.92873137187302,4.62715167855142
1990,"Female",0.0808713770386351,85,85,10,1.92873137187302,4.19298292224591
1990,"Female",0.0715491987380208,86,85,10,1.92873137187302,3.70965079852142
1990,"Female",0.0625912299082056,87,85,10,1.92873137187302,3.24520204425473
1990,"Female",0.0541918760418625,88,85,10,1.92873137187302,2.80971610832647
1990,"Female",0.0465280306586404,89,85,10,1.92873137187302,2.4123644866862
1990,"Female",0.0396769753659143,90,90,10,1.92873137187302,2.05715404148704
1990,"Female",0.0332224052328165,91,90,10,1.92873137187302,1.72250038119895
1990,"Female",0.0270318879400726,92,90,10,1.92873137187302,1.40153721426854
1990,"Female",0.0212595140298948,93,90,10,1.92873137187302,1.10225375808811
1990,"Female",0.0158726811649519,94,90,10,1.92873137187302,0.822959661279199
1990,"Female",0.0114173248173746,95,95,10,1.92873137187302,0.591960341594227
1990,"Female",0.00799278451854946,96,95,10,1.92873137187302,0.414406310547411
1990,"Female",0.00531366491171426,97,95,10,1.92873137187302,0.275500517552844
1990,"Female",0.00330472689979899,98,95,10,1.92873137187302,0.171341999616552
1990,"Female",0.00187172364207377,99,95,10,1.92873137187302,0.097044288767705
1990,"Female",0.00033333506470612,100,95,10,1.92873137187302,0.0172826070839721
1990,"Male",0.029431232533442,65,65,10,1.62550317876694,1.81059212420413
1990,"Male",0.0322468827858797,66,65,10,1.62550317876694,1.98380927254423
1990,"Male",0.0357668712842765,67,65,10,1.62550317876694,2.20035689572802
1990,"Male",0.0400204733394602,68,65,10,1.62550317876694,2.46203599366804
1990,"Male",0.0441390401600428,69,65,10,1.62550317876694,2.71540780335634
1990,"Male",0.0484125253371532,70,70,10,1.62550317876694,2.97831009926893
1990,"Male",0.0526271629943853,71,70,10,1.62550317876694,3.23759213035232
1990,"Male",0.0556234345664164,72,70,10,1.62550317876694,3.42192099609493
1990,"Male",0.0579027964047798,73,70,10,1.62550317876694,3.5621459964602
1990,"Male",0.0596399141269162,74,70,10,1.62550317876694,3.66901245755529
1990,"Male",0.0609783604599974,75,75,10,1.62550317876694,3.75135288915607
1990,"Male",0.0615045405307129,76,75,10,1.62550317876694,3.78372317778969
1990,"Male",0.0613859413062823,77,75,10,1.62550317876694,3.77642702322169
1990,"Male",0.0602479686544672,78,75,10,1.62550317876694,3.70641961464324
1990,"Male",0.0575710787228374,79,75,10,1.62550317876694,3.5417389196685
1990,"Male",0.0791340151223139,80,80,10,1.62550317876694,4.86827809111654
1990,"Male",0.0829385151766742,81,80,10,1.62550317876694,5.10232869797209
1990,"Male",0.0848390434092341,82,80,10,1.62550317876694,5.219248077607
1990,"Male",0.0846506621704011,83,80,10,1.62550317876694,5.20765897453456
1990,"Male",0.0821235265304834,84,80,10,1.62550317876694,5.05219107555237
1990,"Male",0.0775686954906565,85,85,10,1.62550317876694,4.77198054755561
1990,"Male",0.0713972678123769,86,85,10,1.62550317876694,4.39231794468325
1990,"Male",0.064034563719571,87,85,10,1.62550317876694,3.93936871708524
1990,"Male",0.0558380610447831,88,85,10,1.62550317876694,3.43512469087512
1990,"Male",0.0469774501327871,89,85,10,1.62550317876694,2.89002511631031
1990,"Male",0.0379998207268644,90,90,10,1.62550317876694,2.33772663278887
1990,"Male",0.0293319596566599,91,90,10,1.62550317876694,1.80448491518241
1990,"Male",0.0215893067869946,92,90,10,1.62550317876694,1.32816146218623
1990,"Male",0.0152991553838966,93,90,10,1.62550317876694,0.941195045555192
1990,"Male",0.0106032768231223,94,90,10,1.62550317876694,0.652307356985035
1990,"Male",0.0082496414144968,95,95,10,1.62550317876694,0.507513090239217
1990,"Male",0.00571531419865057,96,95,10,1.62550317876694,0.351602769733495
1990,"Male",0.00383367734455842,97,95,10,1.62550317876694,0.235845576596567
1990,"Male",0.00247939493918281,98,95,10,1.62550317876694,0.15253091913752
1990,"Male",0.00153776564676367,99,95,10,1.62550317876694,0.0946024386079744
1990,"Male",0.00186384202941881,100,95,10,1.62550317876694,0.114662465983774
2000,"Female",-0.0386889221143338,65,65,10,1.75982760290233,-2.19844955554326
2000,"Female",-0.0319946461063267,66,65,10,1.75982760290233,-1.81805570349964
2000,"Female",-0.0227777212451041,67,65,10,1.75982760290233,-1.2943154890592
2000,"Female",-0.0123661931231496,68,65,10,1.75982760290233,-0.702693440127607
2000,"Female",-0.00210125405509842,69,65,10,1.75982760290233,-0.119401130635354
2000,"Female",0.00673568925754431,70,70,10,1.75982760290233,0.382747108093755
2000,"Female",0.0130144691771559,71,70,10,1.75982760290233,0.739530915169888
2000,"Female",0.0167929139688372,72,70,10,1.75982760290233,0.954236309348833
2000,"Female",0.0190233421890689,73,70,10,1.75982760290233,1.08097760017489
2000,"Female",0.0206754442673791,74,70,10,1.75982760290233,1.17485623212643
2000,"Female",0.0227180276832417,75,75,10,1.75982760290233,1.29092347715054
2000,"Female",0.0261147210419974,76,75,10,1.75982760290233,1.48393632415634
2000,"Female",0.0315932359438982,77,75,10,1.75982760290233,1.7952460736378
2000,"Female",0.0396519303166727,78,75,10,1.75982760290233,2.25317129082862
2000,"Female",0.0507523763333726,79,75,10,1.75982760290233,2.88394023651358
2000,"Female",0.0653143881640119,80,80,10,1.75982760290233,3.71140832524133
2000,"Female",0.0836992106057046,81,80,10,1.75982760290233,4.75610284028202
2000,"Female",0.10485895106561,82,80,10,1.75982760290233,5.95847859714644
2000,"Female",0.125702977262085,83,80,10,1.75982760290233,7.14291428630704
2000,"Female",0.142725623569749,84,80,10,1.75982760290233,8.1102048481547
2000,"Female",0.152545359155029,85,85,10,1.75982760290233,8.66819902719163
2000,"Female",0.15260948641539,86,85,10,1.75982760290233,8.67184297846587
2000,"Female",0.143169494217108,87,85,10,1.75982760290233,8.13542724190664
2000,"Female",0.127657967388071,88,85,10,1.75982760290233,7.2540041523122
2000,"Female",0.109430834529658,89,85,10,1.75982760290233,6.21827015039331
2000,"Female",0.0910462597437647,90,90,10,1.75982760290233,5.17358970808335
2000,"Female",0.0741624672181072,91,90,10,1.75982760290233,4.21418933853507
2000,"Female",0.0596238283694639,92,90,10,1.75982760290233,3.3880493902432
2000,"Female",0.0476703661567726,93,90,10,1.75982760290233,2.70880886730917
2000,"Female",0.038244372897573,94,90,10,1.75982760290233,2.17318860293474
2000,"Female",0.0301077656209952,95,95,10,1.75982760290233,1.71083608254247
2000,"Female",0.0226529417280101,96,95,10,1.75982760290233,1.28722504924066
2000,"Female",0.0166064131939798,97,95,10,1.75982760290233,0.943638636340988
2000,"Female",0.0118233831788395,98,95,10,1.75982760290233,0.671848944711414
2000,"Female",0.0081409504111658,99,95,10,1.75982760290233,0.462599313577061
2000,"Female",0.0128911484760827,100,95,10,1.75982760290233,0.732523370745096
2000,"Male",-0.0281610833388184,65,65,10,1.91601658817773,-1.46977241807711
2000,"Male",-0.0234431197900768,66,65,10,1.91601658817773,-1.22353428121272
2000,"Male",-0.0128552415274044,67,65,10,1.91601658817773,-0.670935815833964
2000,"Male",0.002914472509425,68,65,10,1.91601658817773,0.152111026982124
2000,"Male",0.0212434680467046,69,65,10,1.91601658817773,1.1087309044077
2000,"Male",0.0393563564944026,70,70,10,1.91601658817773,2.05407180382678
2000,"Male",0.0535812184034796,71,70,10,1.91601658817773,2.79649031924296
2000,"Male",0.0618210866177904,72,70,10,1.91601658817773,3.22654234828868
2000,"Male",0.0649323174264378,73,70,10,1.91601658817773,3.38892250866121
2000,"Male",0.0642250972242433,74,70,10,1.91601658817773,3.35201154418636
2000,"Male",0.0623852106358465,75,75,10,1.91601658817773,3.25598489182075
2000,"Male",0.061280502474653,76,75,10,1.91601658817773,3.19832838884423
2000,"Male",0.0617559443260776,77,75,10,1.91601658817773,3.22314246688291
2000,"Male",0.0638241057735076,78,75,10,1.91601658817773,3.331083152793
2000,"Male",0.0665907430734665,79,75,10,1.91601658817773,3.47547842144723
2000,"Male",0.105173799533803,80,80,10,1.91601658817773,5.48919044765844
2000,"Male",0.116416994526648,81,80,10,1.91601658817773,6.07599095148589
2000,"Male",0.124374179224958,82,80,10,1.91601658817773,6.49128927131297
2000,"Male",0.12780637496224,83,80,10,1.91601658817773,6.67042110965194
2000,"Male",0.126693345746258,84,80,10,1.91601658817773,6.61233031738791
2000,"Male",0.122081797181441,85,85,10,1.91601658817773,6.37164615038897
2000,"Male",0.114249381089095,86,85,10,1.91601658817773,5.96285970560175
2000,"Male",0.103913663657957,87,85,10,1.91601658817773,5.42342192124686
2000,"Male",0.0920421931068223,88,85,10,1.91601658817773,4.80383070140123
2000,"Male",0.0783088207521647,89,85,10,1.91601658817773,4.0870638195592
2000,"Male",0.0639201918734855,90,90,10,1.91601658817773,3.33609804152469
2000,"Male",0.0497232947541271,91,90,10,1.91601658817773,2.59513905364553
2000,"Male",0.0369813033883748,92,90,10,1.91601658817773,1.93011394664107
2000,"Male",0.0266922602276942,93,90,10,1.91601658817773,1.39311216783778
2000,"Male",0.018834664302231,94,90,10,1.91601658817773,0.983011546896059
2000,"Male",0.0155391606008255,95,95,10,1.91601658817773,0.811013886659736
2000,"Male",0.0112848104057806,96,95,10,1.91601658817773,0.588972479435223
2000,"Male",0.00799023145859312,97,95,10,1.91601658817773,0.41702308361497
2000,"Male",0.0054949291281492,98,95,10,1.91601658817773,0.286789225211002
2000,"Male",0.00365327807942606,99,95,10,1.91601658817773,0.190670482811455
2000,"Male",0.00539083582792355,100,95,10,1.91601658817773,0.281356427767184
2010,"Female",-0.0183209292252791,65,65,10,0.15852561695689,-11.5570780148809
2010,"Female",-0.02374810025327,66,65,10,0.15852561695689,-14.9806073675324
2010,"Female",-0.032409621365515,67,65,10,0.15852561695689,-20.4444063916361
2010,"Female",-0.042176118435826,68,65,10,0.15852561695689,-26.605238475303
2010,"Female",-0.0509290946864809,69,65,10,0.15852561695689,-32.1267285780889
2010,"Female",-0.0565925738366779,70,70,10,0.15852561695689,-35.6993241364062
2010,"Female",-0.0571184580178095,71,70,10,0.15852561695689,-36.0310586479802
2010,"Female",-0.0520772236224705,72,70,10,0.15852561695689,-32.8509830916681
2010,"Female",-0.0423946291527848,73,70,10,0.15852561695689,-26.7430778486191
2010,"Female",-0.029220866567341,74,70,10,0.15852561695689,-18.4328988136267
2010,"Female",-0.0140837966060605,75,75,10,0.15852561695689,-8.88424021077332
2010,"Female",0.00106124645708761,76,75,10,0.15852561695689,0.669447927382112
2010,"Female",0.0146983073659932,77,75,10,0.15852561695689,9.27188150921394
2010,"Female",0.0260948078043377,78,75,10,0.15852561695689,16.4609407017378
2010,"Female",0.0346966305513572,79,75,10,0.15852561695689,21.8870812285138
2010,"Female",0.0401214338035931,80,80,10,0.15852561695689,25.3091169577368
2010,"Female",0.0421860487017014,81,80,10,0.15852561695689,26.6115026148573
2010,"Female",0.0414064417441491,82,80,10,0.15852561695689,26.1197165095464
2010,"Female",0.0390160839937064,83,80,10,0.15852561695689,24.6118480676322
2010,"Female",0.0361809269889228,84,80,10,0.15852561695689,22.823394529833
2010,"Female",0.0338777026030037,85,85,10,0.15852561695689,21.3704909359959
2010,"Female",0.0328330018105643,86,85,10,0.15852561695689,20.711480226879
2010,"Female",0.0329338533838008,87,85,10,0.15852561695689,20.7750986976174
2010,"Female",0.0331026978276832,88,85,10,0.15852561695689,20.8816079464843
2010,"Female",0.0324590152870137,89,85,10,0.15852561695689,20.4755647132038
2010,"Female",0.0304588490568296,90,90,10,0.15852561695689,19.2138341055078
2010,"Female",0.0269037623132853,91,90,10,0.15852561695689,16.9712396202827
2010,"Female",0.0222016540727061,92,90,10,0.15852561695689,14.0050892082279
2010,"Female",0.0173780557198526,93,90,10,0.15852561695689,10.9623012693138
2010,"Female",0.0131609688019854,94,90,10,0.15852561695689,8.30210855168247
2010,"Female",0.0103568715554054,95,95,10,0.15852561695689,6.53324790921452
2010,"Female",0.00741056467743384,96,95,10,0.15852561695689,4.67467960048949
2010,"Female",0.00497688885637793,97,95,10,0.15852561695689,3.13948556196527
2010,"Female",0.0030736623671821,98,95,10,0.15852561695689,1.93890579086531
2010,"Female",0.00167491647668605,99,95,10,0.15852561695689,1.05655887599638
2010,"Female",-0.000667363494253337,100,95,10,0.15852561695689,-0.420981483664449
2010,"Male",0.0647027374943523,65,65,10,1.0357966454379,6.24666412845911
2010,"Male",0.0699877349884757,66,65,10,1.0357966454379,6.75689917482663
2010,"Male",0.0733615608227716,67,65,10,1.0357966454379,7.08262197467887
2010,"Male",0.0747185846458107,68,65,10,1.0357966454379,7.21363454640481
2010,"Male",0.0739942307155266,69,65,10,1.0357966454379,7.14370248652853
2010,"Male",0.0711492625862684,70,70,10,1.0357966454379,6.86903774979776
2010,"Male",0.0661862574141221,71,70,10,1.0357966454379,6.38988914529073
2010,"Male",0.0595624049439056,72,70,10,1.0357966454379,5.75039562121042
2010,"Male",0.0521302418989533,73,70,10,1.0357966454379,5.03286452302751
2010,"Male",0.044816002695705,74,70,10,1.0357966454379,4.32671826975826
2010,"Male",0.0385719046018975,75,75,10,1.0357966454379,3.72388777003526
2010,"Male",0.0342721488224527,76,75,10,1.0357966454379,3.30877194605737
2010,"Male",0.0319959941179127,77,75,10,1.0357966454379,3.08902275932606
2010,"Male",0.0310754301700751,78,75,10,1.0357966454379,3.00014779029694
2010,"Male",0.0308334551753706,79,75,10,1.0357966454379,2.97678654503995
2010,"Male",0.030673718724394,80,80,10,1.0357966454379,2.96136494161226
2010,"Male",0.0301149417433155,81,80,10,1.0357966454379,2.90741835049908
2010,"Male",0.0289238759862194,82,80,10,1.0357966454379,2.79242804208844
2010,"Male",0.0271009371748363,83,80,10,1.0357966454379,2.61643415183864
2010,"Male",0.0246877195094832,84,80,10,1.0357966454379,2.38345235217923
2010,"Male",0.021759596302779,85,85,10,1.0357966454379,2.10075948774479
2010,"Male",0.0184290065738661,86,85,10,1.0357966454379,1.77921087648193
2010,"Male",0.0149119467855598,87,85,10,1.0357966454379,1.43965969104443
2010,"Male",0.0115160134339085,88,85,10,1.0357966454379,1.11180254199799
2010,"Male",0.0084733819211884,89,85,10,1.0357966454379,0.818054582287831
2010,"Male",0.0059267910730032,90,90,10,1.0357966454379,0.572196395799055
2010,"Male",0.00393788244818438,91,90,10,1.0357966454379,0.380179108083476
2010,"Male",0.00244923803143848,92,90,10,1.0357966454379,0.23645935157504
2010,"Male",0.00129480647487767,93,90,10,1.0357966454379,0.125005857141994
2010,"Male",0.00036543499843944,94,90,10,1.0357966454379,0.0352805736578675
2010,"Male",-0.000685738372594002,95,95,10,1.0357966454379,-0.0662039576604434
2010,"Male",-0.00122475218171481,96,95,10,1.0357966454379,-0.118242532171652
2010,"Male",-0.00151090985201385,97,95,10,1.0357966454379,-0.145869351736999
2010,"Male",-0.00159468179604083,98,95,10,1.0357966454379,-0.153957034236836
2010,"Male",-0.00152923568665919,99,95,10,1.0357966454379,-0.147638601977966
2010,"Male",-0.00558127894816707,100,95,10,1.0357966454379,-0.538839256986343
2019,"Female",-0.0687139366400924,65,65,10,-0.336071756842287,20.4462098468866
2019,"Female",-0.0696430619472324,66,65,10,-0.336071756842287,20.722676193202
2019,"Female",-0.0694759004975509,67,65,10,-0.336071756842287,20.6729363842838
2019,"Female",-0.068376079154163,68,65,10,-0.336071756842287,20.3456784933733
2019,"Female",-0.0665892983185863,69,65,10,-0.336071756842287,19.8140120265553
2019,"Female",-0.0644955674384882,70,70,10,-0.336071756842287,19.1910108854386
2019,"Female",-0.0625941535691545,71,70,10,-0.336071756842287,18.6252347288228
2019,"Female",-0.0610665055693094,72,70,10,-0.336071756842287,18.1706746627825
2019,"Female",-0.0597380064635864,73,70,10,-0.336071756842287,17.7753724457186
2019,"Female",-0.0583668639316528,74,70,10,-0.336071756842287,17.3673814426017
2019,"Female",-0.0566799788528147,75,75,10,-0.336071756842287,16.865439507734
2019,"Female",-0.0543712779330381,76,75,10,-0.336071756842287,16.1784728487475
2019,"Female",-0.0508617995245668,77,75,10,-0.336071756842287,15.1342082424485
2019,"Female",-0.0452935742207572,78,75,10,-0.336071756842287,13.4773521721472
2019,"Female",-0.0367594059215222,79,75,10,-0.336071756842287,10.9379634477207
2019,"Female",-0.0242970686714106,80,80,10,-0.336071756842287,7.22972644285988
2019,"Female",-0.00690653902025495,81,80,10,-0.336071756842287,2.05507867877635
2019,"Female",0.0149852945055073,82,80,10,-0.336071756842287,-4.45895681514817
2019,"Female",0.0386072307511469,83,80,10,-0.336071756842287,-11.4877938907745
2019,"Female",0.0603175747709006,84,80,10,-0.336071756842287,-17.9478261838012
2019,"Female",0.0760903424636439,85,85,10,-0.336071756842287,-22.6410999777502
2019,"Female",0.0824083721441795,86,85,10,-0.336071756842287,-24.5210644650667
2019,"Female",0.0787787822943358,87,85,10,-0.336071756842287,-23.4410600386469
2019,"Female",0.0685051585046494,88,85,10,-0.336071756842287,-20.384086764184
2019,"Female",0.0551153452361444,89,85,10,-0.336071756842287,-16.3998741679471
2019,"Female",0.0413879014333478,90,90,10,-0.336071756842287,-12.3151977489053
2019,"Female",0.0291220143556341,91,90,10,-0.336071756842287,-8.66541557352604
2019,"Female",0.0191949755007865,92,90,10,-0.336071756842287,-5.71157055300973
2019,"Female",0.0118199493618931,93,90,10,-0.336071756842287,-3.51709095490581
2019,"Female",0.00685177856921904,94,90,10,-0.336071756842287,-2.03878440532998
2019,"Female",0.00455963635322654,95,95,10,-0.336071756842287,-1.35674487974492
2019,"Female",0.00210048589518408,96,95,10,-0.336071756842287,-0.625011133015204
2019,"Female",0.000592877815378756,97,95,10,-0.336071756842287,-0.176414055423581
2019,"Female",-0.00020178331729781,98,95,10,-0.336071756842287,0.0600417360845064
2019,"Female",-0.000512668460004306,99,95,10,-0.336071756842287,0.152547320495275
2019,"Female",-0.001566007345982,100,95,10,-0.336071756842287,0.465974100500478
2019,"Male",0.00528184616027438,65,65,10,0.345757613015637,1.5276152892794
2019,"Male",0.0106461870635721,66,65,10,0.345757613015637,3.07908970411901
2019,"Male",0.0150594136900803,67,65,10,0.345757613015637,4.35548289413927
2019,"Male",0.0188060744348437,68,65,10,0.345757613015637,5.43909193229917
2019,"Male",0.022128698238201,69,65,10,0.345757613015637,6.40006102691372
2019,"Male",0.0252481651889918,70,70,10,0.345757613015637,7.30227310652156
2019,"Male",0.0283528730171865,71,70,10,0.345757613015637,8.20021655341084
2019,"Male",0.0314048845322148,72,70,10,0.345757613015637,9.08291917517214
2019,"Male",0.0342107611308773,73,70,10,0.345757613015637,9.89443466840745
2019,"Male",0.0365970488103393,74,70,10,0.345757613015637,10.5845966748631
2019,"Male",0.0384213763850401,75,75,10,0.345757613015637,11.112228607184
2019,"Male",0.03956889468766,76,75,10,0.345757613015637,11.4441137947902
2019,"Male",0.0398083539817087,77,75,10,0.345757613015637,11.5133702001547
2019,"Male",0.0388061232285128,78,75,10,0.345757613015637,11.2235050705182
2019,"Male",0.0362900015639545,79,75,10,0.345757613015637,10.4957924852151
2019,"Male",0.0320758055519068,80,80,10,0.345757613015637,9.27696291981752
2019,"Male",0.026096738647686,81,80,10,0.345757613015637,7.54769748092453
2019,"Male",0.018761373744292,82,80,10,0.345757613015637,5.42616360075446
2019,"Male",0.0109602879574702,83,80,10,0.345757613015637,3.16993394935732
2019,"Male",0.00352930688038278,84,80,10,0.345757613015637,1.02074596408761
2019,"Male",-0.00283151427589523,85,85,10,0.345757613015637,-0.81893042099616
2019,"Male",-0.0076109572551939,86,85,10,0.345757613015637,-2.20124068673787
2019,"Male",-0.0107705500222686,87,85,10,0.345757613015637,-3.11505795297744
2019,"Male",-0.0127643307893148,88,85,10,0.345757613015637,-3.69169912933704
2019,"Male",-0.0139802858470048,89,85,10,0.345757613015637,-4.04337759191222
2019,"Male",-0.0146816155614733,90,90,10,0.345757613015637,-4.24621613778011
2019,"Male",-0.0150199035670582,91,90,10,0.345757613015637,-4.34405577828272
2019,"Male",-0.0149617899701919,92,90,10,0.345757613015637,-4.32724816662685
2019,"Male",-0.0143041272858078,93,90,10,0.345757613015637,-4.13703899707361
2019,"Male",-0.0129975059465357,94,90,10,0.345757613015637,-3.75913803695419
2019,"Male",-0.0112662644786043,95,95,10,0.345757613015637,-3.25842846390047
2019,"Male",-0.00937788675269591,96,95,10,0.345757613015637,-2.71227194996623
2019,"Male",-0.0074658665904348,97,95,10,0.345757613015637,-2.15927757174132
2019,"Male",-0.00568443677562325,98,95,10,0.345757613015637,-1.64405252744678
2019,"Male",-0.00414417374757825,99,95,10,0.345757613015637,-1.19857772947745
2019,"Male",-0.00843539301387697,100,95,10,0.345757613015637,-2.43968395671897
